model_type,accuracy_avg,accuracy_std
baseline,0.9935,0.0005416025603090913
prune_0.1,0.99366,0.0006040603354706361
prune_0.2,0.99351,0.0004954235000930666
prune_0.3,0.99376,0.0005037636129949911
prune_0.4,0.9938100000000001,0.0005704773829385922
prune_0.5,0.9937699999999999,0.0005869885480617061
prune_0.6,0.9938499999999999,0.0004552166761249434
prune_0.7,0.99337,0.0003368151487751938
prune_0.8,0.99319,0.00016633299933164442
